<?xml version="1.0" encoding="UTF-8"?>
<project-private xmlns="http://www.netbeans.org/ns/project-private/1">
    <editor-bookmarks xmlns="http://www.netbeans.org/ns/editor-bookmarks/2" lastBookmarkId="0"/>
    <open-files xmlns="http://www.netbeans.org/ns/projectui-open-files/2">
        <group>
            <file>file:/E:/CS_FEST/Java_project_nb/IncomeTaxHandler/src/classpkg/Payment.java</file>
            <file>file:/E:/CS_FEST/Java_project_nb/IncomeTaxHandler/src/classpkg/LogIn.java</file>
            <file>file:/E:/CS_FEST/Java_project_nb/IncomeTaxHandler/src/classpkg/UserView.java</file>
            <file>file:/E:/CS_FEST/Java_project_nb/IncomeTaxHandler/src/classpkg/AdminView.java</file>
            <file>file:/E:/CS_FEST/Java_project_nb/IncomeTaxHandler/src/classpkg/SignUp.java</file>
        </group>
    </open-files>
</project-private>
